create table member
(
    member_code    int                         not null
        primary key,
    name       varchar(50) not null,
    points       int default 0               not null,
    last_use_date date                        null
);

INSERT INTO hr.member (member_code, name, points, last_use_date) VALUES (1, '石井 伸', 9711, '2018-10-14');
INSERT INTO hr.member (member_code, name, points, last_use_date) VALUES (2, '森山 有佳里', 7152, '2019-04-28');
INSERT INTO hr.member (member_code, name, points, last_use_date) VALUES (3, '神田 一誠', 0, '2022-08-25');
INSERT INTO hr.member (member_code, name, points, last_use_date) VALUES (4, '飯沼 雅貴', 6269, '2020-06-12');
INSERT INTO hr.member (member_code, name, points, last_use_date) VALUES (5, '村上 高志', 9000, '2018-06-20');
INSERT INTO hr.member (member_code, name, points, last_use_date) VALUES (6, '梅田 雄樹', 5593, '2022-09-20');
INSERT INTO hr.member (member_code, name, points, last_use_date) VALUES (7, '斉藤 加代子', 9513, '2018-02-04');
INSERT INTO hr.member (member_code, name, points, last_use_date) VALUES (8, '田中 輔', 2557, '2022-08-10');
INSERT INTO hr.member (member_code, name, points, last_use_date) VALUES (9, '後藤 浩二', 5295, '2018-02-01');
INSERT INTO hr.member (member_code, name, points, last_use_date) VALUES (10, '姉崎 雄介', 790, '2021-10-18');
INSERT INTO hr.member (member_code, name, points, last_use_date) VALUES (11, '小俣 篤', 0, '2021-05-19');
INSERT INTO hr.member (member_code, name, points, last_use_date) VALUES (12, '渋谷 毅', 4470, '2019-03-18');
INSERT INTO hr.member (member_code, name, points, last_use_date) VALUES (13, '杉本 麻美', 6262, '2021-02-23');
INSERT INTO hr.member (member_code, name, points, last_use_date) VALUES (14, '大八木 諒一', 7794, '2021-02-20');
INSERT INTO hr.member (member_code, name, points, last_use_date) VALUES (15, '大石 彩子', 6396, '2022-12-27');
INSERT INTO hr.member (member_code, name, points, last_use_date) VALUES (16, '酒井 真理', 824, '2019-07-19');
INSERT INTO hr.member (member_code, name, points, last_use_date) VALUES (17, '石浦 正樹', 9243, '2018-10-04');
INSERT INTO hr.member (member_code, name, points, last_use_date) VALUES (18, '大原 麻衣', 0, '2020-03-13');
INSERT INTO hr.member (member_code, name, points, last_use_date) VALUES (19, '八木澤 志帆', 0, '2018-11-09');
INSERT INTO hr.member (member_code, name, points, last_use_date) VALUES (20, '山田 裕之', 7110, '2019-09-22');
INSERT INTO hr.member (member_code, name, points, last_use_date) VALUES (21, '海老名 好明', 895, '2021-04-29');
INSERT INTO hr.member (member_code, name, points, last_use_date) VALUES (22, '関本 喬', 4474, '2021-02-12');
INSERT INTO hr.member (member_code, name, points, last_use_date) VALUES (23, '松井 拓郎', 1542, '2021-03-20');
INSERT INTO hr.member (member_code, name, points, last_use_date) VALUES (24, '酒井 良太', 0, '2021-06-01');
INSERT INTO hr.member (member_code, name, points, last_use_date) VALUES (25, '小松 賢太郎', 8541, '2020-07-22');
INSERT INTO hr.member (member_code, name, points, last_use_date) VALUES (26, '篠崎 良子', 3979, '2021-07-25');
INSERT INTO hr.member (member_code, name, points, last_use_date) VALUES (27, '吉井 佳子', 9315, '2018-05-16');
INSERT INTO hr.member (member_code, name, points, last_use_date) VALUES (28, '村瀬 朋也', 3770, '2018-07-26');
INSERT INTO hr.member (member_code, name, points, last_use_date) VALUES (29, '藤山 梨沙', 0, '2020-05-16');
INSERT INTO hr.member (member_code, name, points, last_use_date) VALUES (30, '三觜 幸', 3260, '2022-04-14');
INSERT INTO hr.member (member_code, name, points, last_use_date) VALUES (31, '水谷 勇紀', 1475, '2019-02-14');
INSERT INTO hr.member (member_code, name, points, last_use_date) VALUES (32, '本吉 隆久', 8737, '2020-08-01');
INSERT INTO hr.member (member_code, name, points, last_use_date) VALUES (33, '篠原 佳代', 1796, '2022-04-14');
INSERT INTO hr.member (member_code, name, points, last_use_date) VALUES (34, '五十嵐 このみ', 5150, '2019-06-10');
INSERT INTO hr.member (member_code, name, points, last_use_date) VALUES (35, '平岡 雅紀', 8801, '2021-06-01');
INSERT INTO hr.member (member_code, name, points, last_use_date) VALUES (36, '坂口 尚子', 85, '2022-11-04');
INSERT INTO hr.member (member_code, name, points, last_use_date) VALUES (37, '廣瀬 嵩', 4248, '2022-05-31');
INSERT INTO hr.member (member_code, name, points, last_use_date) VALUES (38, '金井 亮太', 9469, '2019-12-05');
INSERT INTO hr.member (member_code, name, points, last_use_date) VALUES (39, '松田 淳子', 8059, '2021-12-20');
INSERT INTO hr.member (member_code, name, points, last_use_date) VALUES (40, '川井 新', 9031, '2018-06-09');
INSERT INTO hr.member (member_code, name, points, last_use_date) VALUES (41, '高井 裕之', 6498, '2019-03-14');
INSERT INTO hr.member (member_code, name, points, last_use_date) VALUES (42, '濱上 理奈', 1928, '2022-12-12');
INSERT INTO hr.member (member_code, name, points, last_use_date) VALUES (43, '菊地 昌彦', 7428, '2022-07-07');
INSERT INTO hr.member (member_code, name, points, last_use_date) VALUES (44, '高塚 直行', 3052, '2021-03-16');
INSERT INTO hr.member (member_code, name, points, last_use_date) VALUES (45, '原田 茂弘', 3753, '2020-06-01');
INSERT INTO hr.member (member_code, name, points, last_use_date) VALUES (46, '北 貴子', 3095, '2020-11-04');
INSERT INTO hr.member (member_code, name, points, last_use_date) VALUES (47, '大畑 慧', 9314, '2018-06-12');
INSERT INTO hr.member (member_code, name, points, last_use_date) VALUES (48, '橋本 知宏', 1679, '2020-05-14');
INSERT INTO hr.member (member_code, name, points, last_use_date) VALUES (49, '秋山 慶介', 6432, '2020-05-17');
INSERT INTO hr.member (member_code, name, points, last_use_date) VALUES (50, '田中 明子', 6328, '2019-01-22');
INSERT INTO hr.member (member_code, name, points, last_use_date) VALUES (51, '田中 洋子', 5051, '2018-05-07');
INSERT INTO hr.member (member_code, name, points, last_use_date) VALUES (52, '岩本 裕之', 1735, '2018-05-23');
INSERT INTO hr.member (member_code, name, points, last_use_date) VALUES (53, '関 雅代', 8323, '2018-10-06');
INSERT INTO hr.member (member_code, name, points, last_use_date) VALUES (54, '菊池 亜美', 5270, '2021-05-18');
INSERT INTO hr.member (member_code, name, points, last_use_date) VALUES (55, '西村 直人', 9123, '2018-10-06');
INSERT INTO hr.member (member_code, name, points, last_use_date) VALUES (56, '松岡 大資', 1572, '2021-02-10');
INSERT INTO hr.member (member_code, name, points, last_use_date) VALUES (57, '齋藤 雄一', 2916, '2019-09-03');
INSERT INTO hr.member (member_code, name, points, last_use_date) VALUES (58, '渡辺 聡美', 7673, '2022-01-02');
INSERT INTO hr.member (member_code, name, points, last_use_date) VALUES (59, '井口 政夫', 2808, '2019-12-26');
INSERT INTO hr.member (member_code, name, points, last_use_date) VALUES (60, '渡辺 宏美', 3091, '2022-06-23');
INSERT INTO hr.member (member_code, name, points, last_use_date) VALUES (61, '木村 麻実', 5722, '2018-10-03');
INSERT INTO hr.member (member_code, name, points, last_use_date) VALUES (62, '西沢 拓也', 4692, '2020-01-26');
INSERT INTO hr.member (member_code, name, points, last_use_date) VALUES (63, '猪瀬 満', 5508, '2019-07-15');
INSERT INTO hr.member (member_code, name, points, last_use_date) VALUES (64, '寺倉 慎一', 7930, '2022-01-13');
INSERT INTO hr.member (member_code, name, points, last_use_date) VALUES (65, '中村 由美', 7213, '2019-10-27');
INSERT INTO hr.member (member_code, name, points, last_use_date) VALUES (66, '山口 貴行', 9432, '2019-12-08');
INSERT INTO hr.member (member_code, name, points, last_use_date) VALUES (67, '平山 純', 5866, '2022-05-21');
INSERT INTO hr.member (member_code, name, points, last_use_date) VALUES (68, '野村 一輝', 9213, '2018-09-22');
INSERT INTO hr.member (member_code, name, points, last_use_date) VALUES (69, '佐藤 真理恵', 8835, '2018-03-15');
INSERT INTO hr.member (member_code, name, points, last_use_date) VALUES (70, '森 なおみ', 4482, '2019-02-04');
INSERT INTO hr.member (member_code, name, points, last_use_date) VALUES (71, '秋元 浩一', 2009, '2018-11-03');
INSERT INTO hr.member (member_code, name, points, last_use_date) VALUES (72, '田中 智子', 1216, '2020-08-01');
INSERT INTO hr.member (member_code, name, points, last_use_date) VALUES (73, '安田 洋', 2656, '2022-02-14');
INSERT INTO hr.member (member_code, name, points, last_use_date) VALUES (74, '上田 昌人', 2561, '2022-02-21');
INSERT INTO hr.member (member_code, name, points, last_use_date) VALUES (75, '藤崎 美優', 2873, '2019-06-05');
INSERT INTO hr.member (member_code, name, points, last_use_date) VALUES (76, '中堀 厚', 2433, '2020-03-21');
INSERT INTO hr.member (member_code, name, points, last_use_date) VALUES (77, '矢澤 真美', 0, '2018-08-12');
INSERT INTO hr.member (member_code, name, points, last_use_date) VALUES (78, '後藤 真一', 0, '2018-08-05');
INSERT INTO hr.member (member_code, name, points, last_use_date) VALUES (79, '石田 勇紀', 1224, '2019-06-21');
INSERT INTO hr.member (member_code, name, points, last_use_date) VALUES (80, '渡辺 広', 0, '2018-02-18');
INSERT INTO hr.member (member_code, name, points, last_use_date) VALUES (81, '草刈 寛之', 8122, '2022-02-10');
INSERT INTO hr.member (member_code, name, points, last_use_date) VALUES (82, '中川 茜', 0, '2019-08-08');
INSERT INTO hr.member (member_code, name, points, last_use_date) VALUES (83, '木村 ちひろ', 0, '2020-11-26');
INSERT INTO hr.member (member_code, name, points, last_use_date) VALUES (84, '西舘 竜', 0, '2018-12-15');
INSERT INTO hr.member (member_code, name, points, last_use_date) VALUES (85, '山崎 芳人', 0, '2021-04-09');
INSERT INTO hr.member (member_code, name, points, last_use_date) VALUES (86, '波多野 利久', 0, '2020-11-01');
INSERT INTO hr.member (member_code, name, points, last_use_date) VALUES (87, '菅原 夕紀子', 4395, '2020-10-15');
INSERT INTO hr.member (member_code, name, points, last_use_date) VALUES (88, '大田 祐子', 7257, '2019-05-20');
INSERT INTO hr.member (member_code, name, points, last_use_date) VALUES (89, '田中 雅敏', 0, '2018-09-20');
INSERT INTO hr.member (member_code, name, points, last_use_date) VALUES (90, '武井 慎', 683, '2019-12-14');
INSERT INTO hr.member (member_code, name, points, last_use_date) VALUES (91, '大坪 史', 2366, '2020-11-27');
INSERT INTO hr.member (member_code, name, points, last_use_date) VALUES (92, '辻 貴志', 9788, '2020-08-05');
INSERT INTO hr.member (member_code, name, points, last_use_date) VALUES (93, '古川 貴子', 434, '2021-04-30');
INSERT INTO hr.member (member_code, name, points, last_use_date) VALUES (94, '釜谷 達也', 275, '2020-04-20');
INSERT INTO hr.member (member_code, name, points, last_use_date) VALUES (95, '山田 実香', 3696, '2021-05-07');
INSERT INTO hr.member (member_code, name, points, last_use_date) VALUES (96, '吉野 和希', 6019, '2023-01-10');
INSERT INTO hr.member (member_code, name, points, last_use_date) VALUES (97, '尾崎 民雄', 6208, '2020-08-06');
INSERT INTO hr.member (member_code, name, points, last_use_date) VALUES (98, '野口 健司', 0, '2019-08-16');
INSERT INTO hr.member (member_code, name, points, last_use_date) VALUES (99, '福岡 佳奈', 1443, '2022-05-14');
INSERT INTO hr.member (member_code, name, points, last_use_date) VALUES (100, '後藤 淳子', 628, '2022-01-30');

create table product
(
    product_code     int          not null
        primary key,
    product_category_code int          not null,
    product_name      varchar(100) not null,
    unit_price        int          not null,
    last_arrival_date  date         null,
    model_number        varchar(10)  null,
    discounted_price    int          null
);

INSERT INTO hr.product (product_code, product_category_code, product_name, unit_price, last_arrival_date, model_number, discounted_price) VALUES (1, 1, '鉛筆', 120, '2024-07-07', 'A', 84);
INSERT INTO hr.product (product_code, product_category_code, product_name, unit_price, last_arrival_date, model_number, discounted_price) VALUES (2, 1, 'ボールペン', 150, '2022-07-07', 'A', 105);
INSERT INTO hr.product (product_code, product_category_code, product_name, unit_price, last_arrival_date, model_number, discounted_price) VALUES (3, 1, '消しゴム', 130, '2024-08-25', 'ABC000', 91);
INSERT INTO hr.product (product_code, product_category_code, product_name, unit_price, last_arrival_date, model_number, discounted_price) VALUES (4, 1, '定規', 90, '2021-05-21', null, 63);
INSERT INTO hr.product (product_code, product_category_code, product_name, unit_price, last_arrival_date, model_number, discounted_price) VALUES (5, 1, '鉛筆ABC', 160, '2022-08-25', null, 112);
INSERT INTO hr.product (product_code, product_category_code, product_name, unit_price, last_arrival_date, model_number, discounted_price) VALUES (6, 1, '鉛筆XYZ', 100, '2021-05-21', null, 70);
INSERT INTO hr.product (product_code, product_category_code, product_name, unit_price, last_arrival_date, model_number, discounted_price) VALUES (7, 1, '鉛筆12345', 200, '2021-04-21', null, 140);
INSERT INTO hr.product (product_code, product_category_code, product_name, unit_price, last_arrival_date, model_number, discounted_price) VALUES (8, 1, 'ボールペンA', 160, '2023-01-10', null, 112);
INSERT INTO hr.product (product_code, product_category_code, product_name, unit_price, last_arrival_date, model_number, discounted_price) VALUES (9, 1, 'ボールペンB', 200, '2022-12-27', null, 140);
INSERT INTO hr.product (product_code, product_category_code, product_name, unit_price, last_arrival_date, model_number, discounted_price) VALUES (10, 1, 'ボールペンC', 220, '2022-12-12', null, 154);
INSERT INTO hr.product (product_code, product_category_code, product_name, unit_price, last_arrival_date, model_number, discounted_price) VALUES (11, 1, '高級ボールペンA', 500, '2021-11-04', null, 350);
INSERT INTO hr.product (product_code, product_category_code, product_name, unit_price, last_arrival_date, model_number, discounted_price) VALUES (12, 1, '高級ボールペンB', 550, '2022-09-20', null, 385);
INSERT INTO hr.product (product_code, product_category_code, product_name, unit_price, last_arrival_date, model_number, discounted_price) VALUES (13, 1, '高級ボールペンC', 600, '2022-08-25', null, 420);
INSERT INTO hr.product (product_code, product_category_code, product_name, unit_price, last_arrival_date, model_number, discounted_price) VALUES (14, 1, '定規A', 100, '2022-08-10', 'ABC000', 45);
INSERT INTO hr.product (product_code, product_category_code, product_name, unit_price, last_arrival_date, model_number, discounted_price) VALUES (15, 1, '定規B', 110, '2021-11-04', 'ABC120', 40);
INSERT INTO hr.product (product_code, product_category_code, product_name, unit_price, last_arrival_date, model_number, discounted_price) VALUES (16, 1, '定規C', 110, '2022-06-23', 'ABC123', 30);
INSERT INTO hr.product (product_code, product_category_code, product_name, unit_price, last_arrival_date, model_number, discounted_price) VALUES (17, 1, '定規ABC', 100, '2022-05-31', 'ABC1300', 70);
INSERT INTO hr.product (product_code, product_category_code, product_name, unit_price, last_arrival_date, model_number, discounted_price) VALUES (18, 1, '定規XYZ', 200, '2022-05-21', 'Z1', 140);
INSERT INTO hr.product (product_code, product_category_code, product_name, unit_price, last_arrival_date, model_number, discounted_price) VALUES (19, 2, '食パン', 160, '2022-05-14', null, 112);
INSERT INTO hr.product (product_code, product_category_code, product_name, unit_price, last_arrival_date, model_number, discounted_price) VALUES (20, 2, '高級食パン', 400, '2022-04-14', null, 280);
INSERT INTO hr.product (product_code, product_category_code, product_name, unit_price, last_arrival_date, model_number, discounted_price) VALUES (21, 2, 'あんぱん', 90, '2021-04-14', null, 63);
INSERT INTO hr.product (product_code, product_category_code, product_name, unit_price, last_arrival_date, model_number, discounted_price) VALUES (22, 2, 'クリームぱん', 100, '2021-04-14', null, 70);
INSERT INTO hr.product (product_code, product_category_code, product_name, unit_price, last_arrival_date, model_number, discounted_price) VALUES (23, 2, 'ジャムぱん', 110, '2021-11-04', null, 77);
INSERT INTO hr.product (product_code, product_category_code, product_name, unit_price, last_arrival_date, model_number, discounted_price) VALUES (24, 2, 'アイスクリーム', 150, '2022-05-21', null, 105);
INSERT INTO hr.product (product_code, product_category_code, product_name, unit_price, last_arrival_date, model_number, discounted_price) VALUES (25, 2, 'ゼリー', 140, '2021-11-04', null, 98);
INSERT INTO hr.product (product_code, product_category_code, product_name, unit_price, last_arrival_date, model_number, discounted_price) VALUES (26, 2, 'ラーメン', 200, '2024-07-07', null, 140);
INSERT INTO hr.product (product_code, product_category_code, product_name, unit_price, last_arrival_date, model_number, discounted_price) VALUES (27, 2, 'おにぎり', 140, '2024-07-07', null, 98);
INSERT INTO hr.product (product_code, product_category_code, product_name, unit_price, last_arrival_date, model_number, discounted_price) VALUES (28, 2, 'サンドイッチ', 200, '2022-04-14', null, 140);
INSERT INTO hr.product (product_code, product_category_code, product_name, unit_price, last_arrival_date, model_number, discounted_price) VALUES (29, 2, 'フランスパン', 220, '2021-05-21', null, 154);
INSERT INTO hr.product (product_code, product_category_code, product_name, unit_price, last_arrival_date, model_number, discounted_price) VALUES (30, 2, 'うどん', 200, '2024-07-07', null, 140);
INSERT INTO hr.product (product_code, product_category_code, product_name, unit_price, last_arrival_date, model_number, discounted_price) VALUES (31, 2, 'そば', 200, '2021-05-21', null, 140);
INSERT INTO hr.product (product_code, product_category_code, product_name, unit_price, last_arrival_date, model_number, discounted_price) VALUES (32, 2, '高級うどん', 500, '2022-05-21', null, 350);
INSERT INTO hr.product (product_code, product_category_code, product_name, unit_price, last_arrival_date, model_number, discounted_price) VALUES (33, 2, '寿司', 400, '2022-08-25', null, 280);
INSERT INTO hr.product (product_code, product_category_code, product_name, unit_price, last_arrival_date, model_number, discounted_price) VALUES (34, 3, 'タオル', 200, '2022-05-21', null, 140);
INSERT INTO hr.product (product_code, product_category_code, product_name, unit_price, last_arrival_date, model_number, discounted_price) VALUES (35, 3, 'ティッシュ', 120, '2022-05-21', null, 50);
INSERT INTO hr.product (product_code, product_category_code, product_name, unit_price, last_arrival_date, model_number, discounted_price) VALUES (36, 3, 'ハンカチ', 180, '2021-04-14', null, 70);
INSERT INTO hr.product (product_code, product_category_code, product_name, unit_price, last_arrival_date, model_number, discounted_price) VALUES (37, 3, 'タオルABC', 220, '2022-08-25', null, 154);
INSERT INTO hr.product (product_code, product_category_code, product_name, unit_price, last_arrival_date, model_number, discounted_price) VALUES (38, 3, 'ウェットティッシュ', 190, '2021-04-14', null, 133);
INSERT INTO hr.product (product_code, product_category_code, product_name, unit_price, last_arrival_date, model_number, discounted_price) VALUES (39, 3, '包帯', 250, '2021-04-14', null, 175);
INSERT INTO hr.product (product_code, product_category_code, product_name, unit_price, last_arrival_date, model_number, discounted_price) VALUES (40, 3, '絆創膏', 200, '2022-08-25', null, 90);

create table product_category
(
    product_category_code int                          not null
        primary key,
    product_category_name  varchar(100) not null
);

INSERT INTO hr.product_category (product_category_code, product_category_name) VALUES (1, '文房具');
INSERT INTO hr.product_category (product_category_code, product_category_name) VALUES (2, '食品');
INSERT INTO hr.product_category (product_category_code, product_category_name) VALUES (3, '雑貨');
INSERT INTO hr.product_category (product_category_code, product_category_name) VALUES (4, '電化製品');
INSERT INTO hr.product_category (product_category_code, product_category_name) VALUES (5, '書籍');
INSERT INTO hr.product_category (product_category_code, product_category_name) VALUES (6, '薬');


CREATE TABLE sales
(
    sales_number      INT NOT NULL PRIMARY KEY,
    sales_date_time   TIMESTAMP NOT NULL,
    member_code       INT NOT NULL,
    redeemed_points   INT DEFAULT 0 NOT NULL
);
# 日付の正規表現 (\d{4}-\d{2}-\d{2} \d{2}:\d{2}:\d{2})
# 置き換え文字 TO_TIMESTAMP('\1', 'YYYY-MM-DD HH24:MI:SS')

INSERT INTO hr.sales (sales_number, sales_date_time, member_code, redeemed_points) VALUES (1, TO_TIMESTAMP('2023-06-08 10:53:00', 'YYYY-MM-DD HH24:MI:SS'), 1, 8883);
INSERT INTO hr.sales (sales_number, sales_date_time, member_code, redeemed_points) VALUES (2, TO_TIMESTAMP('2022-10-31 14:17:00', 'YYYY-MM-DD HH24:MI:SS'), 1, 1392);
INSERT INTO hr.sales (sales_number, sales_date_time, member_code, redeemed_points) VALUES (3, TO_TIMESTAMP('2023-05-21 11:36:00', 'YYYY-MM-DD HH24:MI:SS'), 2, 7535);
INSERT INTO hr.sales (sales_number, sales_date_time, member_code, redeemed_points) VALUES (4, TO_TIMESTAMP('2021-11-10 21:38:00', 'YYYY-MM-DD HH24:MI:SS'), 1, 3976);
INSERT INTO hr.sales (sales_number, sales_date_time, member_code, redeemed_points) VALUES (5, TO_TIMESTAMP('2024-04-29 21:01:00', 'YYYY-MM-DD HH24:MI:SS'), 2, 8856);
INSERT INTO hr.sales (sales_number, sales_date_time, member_code, redeemed_points) VALUES (6, TO_TIMESTAMP('2021-08-03 15:15:00', 'YYYY-MM-DD HH24:MI:SS'), 2, 9276);
INSERT INTO hr.sales (sales_number, sales_date_time, member_code, redeemed_points) VALUES (7, TO_TIMESTAMP('2023-06-30 16:52:00', 'YYYY-MM-DD HH24:MI:SS'), 2, 7128);
INSERT INTO hr.sales (sales_number, sales_date_time, member_code, redeemed_points) VALUES (8, TO_TIMESTAMP('2023-10-28 12:17:00', 'YYYY-MM-DD HH24:MI:SS'), 3, 5050);
INSERT INTO hr.sales (sales_number, sales_date_time, member_code, redeemed_points) VALUES (9, TO_TIMESTAMP('2021-06-12 18:46:00', 'YYYY-MM-DD HH24:MI:SS'), 5, 5071);
INSERT INTO hr.sales (sales_number, sales_date_time, member_code, redeemed_points) VALUES (10, TO_TIMESTAMP('2021-09-21 11:03:00', 'YYYY-MM-DD HH24:MI:SS'), 1, 4840);
INSERT INTO hr.sales (sales_number, sales_date_time, member_code, redeemed_points) VALUES (11, TO_TIMESTAMP('2024-03-07 15:59:00', 'YYYY-MM-DD HH24:MI:SS'), 5, 9351);
INSERT INTO hr.sales (sales_number, sales_date_time, member_code, redeemed_points) VALUES (12, TO_TIMESTAMP('2023-12-17 18:12:00', 'YYYY-MM-DD HH24:MI:SS'), 5, 8310);
INSERT INTO hr.sales (sales_number, sales_date_time, member_code, redeemed_points) VALUES (13, TO_TIMESTAMP('2021-11-29 10:31:00', 'YYYY-MM-DD HH24:MI:SS'), 4, 2226);
INSERT INTO hr.sales (sales_number, sales_date_time, member_code, redeemed_points) VALUES (14, TO_TIMESTAMP('2023-05-11 17:43:00', 'YYYY-MM-DD HH24:MI:SS'), 5, 3702);
INSERT INTO hr.sales (sales_number, sales_date_time, member_code, redeemed_points) VALUES (15, TO_TIMESTAMP('2021-03-21 21:55:00', 'YYYY-MM-DD HH24:MI:SS'), 6, 4104);
INSERT INTO hr.sales (sales_number, sales_date_time, member_code, redeemed_points) VALUES (16, TO_TIMESTAMP('2022-05-17 21:49:00', 'YYYY-MM-DD HH24:MI:SS'), 6, 1946);
INSERT INTO hr.sales (sales_number, sales_date_time, member_code, redeemed_points) VALUES (17, TO_TIMESTAMP('2023-02-11 15:48:00', 'YYYY-MM-DD HH24:MI:SS'), 5, 6102);
INSERT INTO hr.sales (sales_number, sales_date_time, member_code, redeemed_points) VALUES (18, TO_TIMESTAMP('2021-01-05 21:25:00', 'YYYY-MM-DD HH24:MI:SS'), 1, 3220);
INSERT INTO hr.sales (sales_number, sales_date_time, member_code, redeemed_points) VALUES (19, TO_TIMESTAMP('2022-10-07 12:14:00', 'YYYY-MM-DD HH24:MI:SS'), 1, 9752);
INSERT INTO hr.sales (sales_number, sales_date_time, member_code, redeemed_points) VALUES (20, TO_TIMESTAMP('2022-02-21 19:09:00', 'YYYY-MM-DD HH24:MI:SS'), 50, 2586);
INSERT INTO hr.sales (sales_number, sales_date_time, member_code, redeemed_points) VALUES (21, TO_TIMESTAMP('2021-05-12 15:25:00', 'YYYY-MM-DD HH24:MI:SS'), 80, 8695);
INSERT INTO hr.sales (sales_number, sales_date_time, member_code, redeemed_points) VALUES (22, TO_TIMESTAMP('2023-11-02 13:40:00', 'YYYY-MM-DD HH24:MI:SS'), 39, 7984);
INSERT INTO hr.sales (sales_number, sales_date_time, member_code, redeemed_points) VALUES (23, TO_TIMESTAMP('2024-08-10 12:46:00', 'YYYY-MM-DD HH24:MI:SS'), 38, 5355);
INSERT INTO hr.sales (sales_number, sales_date_time, member_code, redeemed_points) VALUES (24, TO_TIMESTAMP('2023-06-19 11:42:00', 'YYYY-MM-DD HH24:MI:SS'), 39, 2102);
INSERT INTO hr.sales (sales_number, sales_date_time, member_code, redeemed_points) VALUES (25, TO_TIMESTAMP('2022-09-30 19:34:00', 'YYYY-MM-DD HH24:MI:SS'), 31, 5315);
INSERT INTO hr.sales (sales_number, sales_date_time, member_code, redeemed_points) VALUES (26, TO_TIMESTAMP('2021-06-10 15:21:00', 'YYYY-MM-DD HH24:MI:SS'), 30, 7452);
INSERT INTO hr.sales (sales_number, sales_date_time, member_code, redeemed_points) VALUES (27, TO_TIMESTAMP('2023-06-08 17:05:00', 'YYYY-MM-DD HH24:MI:SS'), 41, 3393);
INSERT INTO hr.sales (sales_number, sales_date_time, member_code, redeemed_points) VALUES (28, TO_TIMESTAMP('2021-06-13 20:46:00', 'YYYY-MM-DD HH24:MI:SS'), 41, 9178);
INSERT INTO hr.sales (sales_number, sales_date_time, member_code, redeemed_points) VALUES (29, TO_TIMESTAMP('2023-07-14 20:01:00', 'YYYY-MM-DD HH24:MI:SS'), 41, 962);
INSERT INTO hr.sales (sales_number, sales_date_time, member_code, redeemed_points) VALUES (30, TO_TIMESTAMP('2023-02-05 14:14:00', 'YYYY-MM-DD HH24:MI:SS'), 41, 350);
INSERT INTO hr.sales (sales_number, sales_date_time, member_code, redeemed_points) VALUES (31, TO_TIMESTAMP('2023-06-20 15:29:00', 'YYYY-MM-DD HH24:MI:SS'), 60, 6104);
INSERT INTO hr.sales (sales_number, sales_date_time, member_code, redeemed_points) VALUES (32, TO_TIMESTAMP('2021-04-12 20:52:00', 'YYYY-MM-DD HH24:MI:SS'), 41, 6241);
INSERT INTO hr.sales (sales_number, sales_date_time, member_code, redeemed_points) VALUES (33, TO_TIMESTAMP('2022-06-22 19:34:00', 'YYYY-MM-DD HH24:MI:SS'), 41, 5054);
INSERT INTO hr.sales (sales_number, sales_date_time, member_code, redeemed_points) VALUES (34, TO_TIMESTAMP('2023-07-23 19:22:00', 'YYYY-MM-DD HH24:MI:SS'), 41, 5390);
INSERT INTO hr.sales (sales_number, sales_date_time, member_code, redeemed_points) VALUES (35, TO_TIMESTAMP('2023-06-29 17:35:00', 'YYYY-MM-DD HH24:MI:SS'), 41, 9651);
INSERT INTO hr.sales (sales_number, sales_date_time, member_code, redeemed_points) VALUES (36, TO_TIMESTAMP('2022-08-22 20:51:00', 'YYYY-MM-DD HH24:MI:SS'), 41, 1630);
INSERT INTO hr.sales (sales_number, sales_date_time, member_code, redeemed_points) VALUES (37, TO_TIMESTAMP('2024-05-10 13:02:00', 'YYYY-MM-DD HH24:MI:SS'), 41, 8142);
INSERT INTO hr.sales (sales_number, sales_date_time, member_code, redeemed_points) VALUES (38, TO_TIMESTAMP('2024-04-20 10:09:00', 'YYYY-MM-DD HH24:MI:SS'), 41, 3571);
INSERT INTO hr.sales (sales_number, sales_date_time, member_code, redeemed_points) VALUES (39, TO_TIMESTAMP('2022-05-02 10:57:00', 'YYYY-MM-DD HH24:MI:SS'), 41, 6388);
INSERT INTO hr.sales (sales_number, sales_date_time, member_code, redeemed_points) VALUES (40, TO_TIMESTAMP('2024-08-02 20:57:00', 'YYYY-MM-DD HH24:MI:SS'), 60, 4041);
INSERT INTO hr.sales (sales_number, sales_date_time, member_code, redeemed_points) VALUES (41, TO_TIMESTAMP('2022-02-06 18:25:00', 'YYYY-MM-DD HH24:MI:SS'), 100, 9123);
INSERT INTO hr.sales (sales_number, sales_date_time, member_code, redeemed_points) VALUES (42, TO_TIMESTAMP('2022-12-28 14:55:00', 'YYYY-MM-DD HH24:MI:SS'), 60, 5146);
INSERT INTO hr.sales (sales_number, sales_date_time, member_code, redeemed_points) VALUES (43, TO_TIMESTAMP('2023-05-31 17:29:00', 'YYYY-MM-DD HH24:MI:SS'), 60, 324);
INSERT INTO hr.sales (sales_number, sales_date_time, member_code, redeemed_points) VALUES (44, TO_TIMESTAMP('2022-05-26 20:43:00', 'YYYY-MM-DD HH24:MI:SS'), 100, 5811);
INSERT INTO hr.sales (sales_number, sales_date_time, member_code, redeemed_points) VALUES (45, TO_TIMESTAMP('2023-10-30 11:10:00', 'YYYY-MM-DD HH24:MI:SS'), 100, 4963);
INSERT INTO hr.sales (sales_number, sales_date_time, member_code, redeemed_points) VALUES (46, TO_TIMESTAMP('2023-07-10 10:44:00', 'YYYY-MM-DD HH24:MI:SS'), 60, 1152);
INSERT INTO hr.sales (sales_number, sales_date_time, member_code, redeemed_points) VALUES (47, TO_TIMESTAMP('2023-02-14 19:58:00', 'YYYY-MM-DD HH24:MI:SS'), 60, 1042);
INSERT INTO hr.sales (sales_number, sales_date_time, member_code, redeemed_points) VALUES (48, TO_TIMESTAMP('2022-04-07 21:41:00', 'YYYY-MM-DD HH24:MI:SS'), 100, 7646);
INSERT INTO hr.sales (sales_number, sales_date_time, member_code, redeemed_points) VALUES (49, TO_TIMESTAMP('2021-11-22 20:43:00', 'YYYY-MM-DD HH24:MI:SS'), 60, 9814);
INSERT INTO hr.sales (sales_number, sales_date_time, member_code, redeemed_points) VALUES (50, TO_TIMESTAMP('2024-02-11 21:28:00', 'YYYY-MM-DD HH24:MI:SS'), 60, 5209);
INSERT INTO hr.sales (sales_number, sales_date_time, member_code, redeemed_points) VALUES (51, TO_TIMESTAMP('2021-03-19 20:09:00', 'YYYY-MM-DD HH24:MI:SS'), 100, 6663);
INSERT INTO hr.sales (sales_number, sales_date_time, member_code, redeemed_points) VALUES (52, TO_TIMESTAMP('2021-10-07 11:59:00', 'YYYY-MM-DD HH24:MI:SS'), 100, 3095);
INSERT INTO hr.sales (sales_number, sales_date_time, member_code, redeemed_points) VALUES (53, TO_TIMESTAMP('2021-06-02 15:53:00', 'YYYY-MM-DD HH24:MI:SS'), 60, 8903);
INSERT INTO hr.sales (sales_number, sales_date_time, member_code, redeemed_points) VALUES (54, TO_TIMESTAMP('2022-11-26 16:22:00', 'YYYY-MM-DD HH24:MI:SS'), 60, 8210);
INSERT INTO hr.sales (sales_number, sales_date_time, member_code, redeemed_points) VALUES (55, TO_TIMESTAMP('2022-11-14 10:03:00', 'YYYY-MM-DD HH24:MI:SS'), 60, 3224);
INSERT INTO hr.sales (sales_number, sales_date_time, member_code, redeemed_points) VALUES (56, TO_TIMESTAMP('2022-04-03 15:27:00', 'YYYY-MM-DD HH24:MI:SS'), 100, 9084);
INSERT INTO hr.sales (sales_number, sales_date_time, member_code, redeemed_points) VALUES (57, TO_TIMESTAMP('2021-07-23 10:39:00', 'YYYY-MM-DD HH24:MI:SS'), 1, 6175);
INSERT INTO hr.sales (sales_number, sales_date_time, member_code, redeemed_points) VALUES (58, TO_TIMESTAMP('2022-12-25 21:29:00', 'YYYY-MM-DD HH24:MI:SS'), 55, 5757);
INSERT INTO hr.sales (sales_number, sales_date_time, member_code, redeemed_points) VALUES (59, TO_TIMESTAMP('2023-05-26 16:25:00', 'YYYY-MM-DD HH24:MI:SS'), 6, 5175);
INSERT INTO hr.sales (sales_number, sales_date_time, member_code, redeemed_points) VALUES (60, TO_TIMESTAMP('2024-04-29 19:36:00', 'YYYY-MM-DD HH24:MI:SS'), 77, 5470);
INSERT INTO hr.sales (sales_number, sales_date_time, member_code, redeemed_points) VALUES (61, TO_TIMESTAMP('2021-06-29 14:38:00', 'YYYY-MM-DD HH24:MI:SS'), 73, 6895);
INSERT INTO hr.sales (sales_number, sales_date_time, member_code, redeemed_points) VALUES (62, TO_TIMESTAMP('2023-07-25 12:27:00', 'YYYY-MM-DD HH24:MI:SS'), 73, 4582);
INSERT INTO hr.sales (sales_number, sales_date_time, member_code, redeemed_points) VALUES (63, TO_TIMESTAMP('2022-10-17 12:06:00', 'YYYY-MM-DD HH24:MI:SS'), 72, 7510);
INSERT INTO hr.sales (sales_number, sales_date_time, member_code, redeemed_points) VALUES (64, TO_TIMESTAMP('2021-03-18 21:53:00', 'YYYY-MM-DD HH24:MI:SS'), 71, 6947);
INSERT INTO hr.sales (sales_number, sales_date_time, member_code, redeemed_points) VALUES (65, TO_TIMESTAMP('2023-04-20 17:33:00', 'YYYY-MM-DD HH24:MI:SS'), 71, 1126);
INSERT INTO hr.sales (sales_number, sales_date_time, member_code, redeemed_points) VALUES (66, TO_TIMESTAMP('2023-03-22 11:01:00', 'YYYY-MM-DD HH24:MI:SS'), 71, 4292);
INSERT INTO hr.sales (sales_number, sales_date_time, member_code, redeemed_points) VALUES (67, TO_TIMESTAMP('2023-12-14 16:14:00', 'YYYY-MM-DD HH24:MI:SS'), 67, 1054);
INSERT INTO hr.sales (sales_number, sales_date_time, member_code, redeemed_points) VALUES (68, TO_TIMESTAMP('2023-05-06 13:04:00', 'YYYY-MM-DD HH24:MI:SS'), 67, 4959);
INSERT INTO hr.sales (sales_number, sales_date_time, member_code, redeemed_points) VALUES (69, TO_TIMESTAMP('2021-11-25 12:14:00', 'YYYY-MM-DD HH24:MI:SS'), 66, 7206);
INSERT INTO hr.sales (sales_number, sales_date_time, member_code, redeemed_points) VALUES (70, TO_TIMESTAMP('2021-08-06 13:35:00', 'YYYY-MM-DD HH24:MI:SS'), 5, 8974);
INSERT INTO hr.sales (sales_number, sales_date_time, member_code, redeemed_points) VALUES (71, TO_TIMESTAMP('2023-11-07 12:52:00', 'YYYY-MM-DD HH24:MI:SS'), 56, 1765);
INSERT INTO hr.sales (sales_number, sales_date_time, member_code, redeemed_points) VALUES (72, TO_TIMESTAMP('2022-07-07 17:47:00', 'YYYY-MM-DD HH24:MI:SS'), 3, 6046);
INSERT INTO hr.sales (sales_number, sales_date_time, member_code, redeemed_points) VALUES (73, TO_TIMESTAMP('2023-11-17 13:19:00', 'YYYY-MM-DD HH24:MI:SS'), 76, 9050);
INSERT INTO hr.sales (sales_number, sales_date_time, member_code, redeemed_points) VALUES (74, TO_TIMESTAMP('2021-06-23 17:30:00', 'YYYY-MM-DD HH24:MI:SS'), 56, 6244);
INSERT INTO hr.sales (sales_number, sales_date_time, member_code, redeemed_points) VALUES (75, TO_TIMESTAMP('2022-02-12 17:16:00', 'YYYY-MM-DD HH24:MI:SS'), 55, 8332);
INSERT INTO hr.sales (sales_number, sales_date_time, member_code, redeemed_points) VALUES (76, TO_TIMESTAMP('2023-07-02 21:10:00', 'YYYY-MM-DD HH24:MI:SS'), 1, 2511);
INSERT INTO hr.sales (sales_number, sales_date_time, member_code, redeemed_points) VALUES (77, TO_TIMESTAMP('2023-04-18 13:57:00', 'YYYY-MM-DD HH24:MI:SS'), 100, 7506);
INSERT INTO hr.sales (sales_number, sales_date_time, member_code, redeemed_points) VALUES (78, TO_TIMESTAMP('2022-05-10 16:41:00', 'YYYY-MM-DD HH24:MI:SS'), 99, 8286);
INSERT INTO hr.sales (sales_number, sales_date_time, member_code, redeemed_points) VALUES (79, TO_TIMESTAMP('2022-05-11 12:40:00', 'YYYY-MM-DD HH24:MI:SS'), 99, 1300);
INSERT INTO hr.sales (sales_number, sales_date_time, member_code, redeemed_points) VALUES (80, TO_TIMESTAMP('2023-11-05 13:33:00', 'YYYY-MM-DD HH24:MI:SS'), 2, 906);
INSERT INTO hr.sales (sales_number, sales_date_time, member_code, redeemed_points) VALUES (81, TO_TIMESTAMP('2024-02-20 12:30:00', 'YYYY-MM-DD HH24:MI:SS'), 2, 409);
INSERT INTO hr.sales (sales_number, sales_date_time, member_code, redeemed_points) VALUES (82, TO_TIMESTAMP('2022-02-22 14:58:00', 'YYYY-MM-DD HH24:MI:SS'), 2, 1403);
INSERT INTO hr.sales (sales_number, sales_date_time, member_code, redeemed_points) VALUES (83, TO_TIMESTAMP('2023-08-23 18:47:00', 'YYYY-MM-DD HH24:MI:SS'), 4, 2383);
INSERT INTO hr.sales (sales_number, sales_date_time, member_code, redeemed_points) VALUES (84, TO_TIMESTAMP('2021-12-30 15:00:00', 'YYYY-MM-DD HH24:MI:SS'), 76, 8733);
INSERT INTO hr.sales (sales_number, sales_date_time, member_code, redeemed_points) VALUES (85, TO_TIMESTAMP('2021-04-29 10:26:00', 'YYYY-MM-DD HH24:MI:SS'), 57, 1315);
INSERT INTO hr.sales (sales_number, sales_date_time, member_code, redeemed_points) VALUES (86, TO_TIMESTAMP('2021-09-12 18:31:00', 'YYYY-MM-DD HH24:MI:SS'), 55, 8684);
INSERT INTO hr.sales (sales_number, sales_date_time, member_code, redeemed_points) VALUES (87, TO_TIMESTAMP('2023-04-23 14:26:00', 'YYYY-MM-DD HH24:MI:SS'), 54, 5761);
INSERT INTO hr.sales (sales_number, sales_date_time, member_code, redeemed_points) VALUES (88, TO_TIMESTAMP('2022-07-29 15:48:00', 'YYYY-MM-DD HH24:MI:SS'), 13, 4908);
INSERT INTO hr.sales (sales_number, sales_date_time, member_code, redeemed_points) VALUES (89, TO_TIMESTAMP('2022-12-15 20:52:00', 'YYYY-MM-DD HH24:MI:SS'), 96, 9224);
INSERT INTO hr.sales (sales_number, sales_date_time, member_code, redeemed_points) VALUES (90, TO_TIMESTAMP('2024-08-29 15:47:00', 'YYYY-MM-DD HH24:MI:SS'), 88, 4911);
INSERT INTO hr.sales (sales_number, sales_date_time, member_code, redeemed_points) VALUES (91, TO_TIMESTAMP('2022-10-20 16:43:00', 'YYYY-MM-DD HH24:MI:SS'), 88, 9533);
INSERT INTO hr.sales (sales_number, sales_date_time, member_code, redeemed_points) VALUES (92, TO_TIMESTAMP('2024-01-29 17:46:00', 'YYYY-MM-DD HH24:MI:SS'), 87, 9962);
INSERT INTO hr.sales (sales_number, sales_date_time, member_code, redeemed_points) VALUES (93, TO_TIMESTAMP('2023-06-20 13:00:00', 'YYYY-MM-DD HH24:MI:SS'), 6, 3447);
INSERT INTO hr.sales (sales_number, sales_date_time, member_code, redeemed_points) VALUES (94, TO_TIMESTAMP('2024-08-30 20:56:00', 'YYYY-MM-DD HH24:MI:SS'), 67, 2279);
INSERT INTO hr.sales (sales_number, sales_date_time, member_code, redeemed_points) VALUES (95, TO_TIMESTAMP('2021-11-26 18:10:00', 'YYYY-MM-DD HH24:MI:SS'), 4, 3707);
INSERT INTO hr.sales (sales_number, sales_date_time, member_code, redeemed_points) VALUES (96, TO_TIMESTAMP('2024-08-01 16:59:00', 'YYYY-MM-DD HH24:MI:SS'), 4, 2009);
INSERT INTO hr.sales (sales_number, sales_date_time, member_code, redeemed_points) VALUES (97, TO_TIMESTAMP('2022-04-17 13:38:00', 'YYYY-MM-DD HH24:MI:SS'), 1, 6051);
INSERT INTO hr.sales (sales_number, sales_date_time, member_code, redeemed_points) VALUES (98, TO_TIMESTAMP('2024-05-16 16:11:00', 'YYYY-MM-DD HH24:MI:SS'), 2, 6826);
INSERT INTO hr.sales (sales_number, sales_date_time, member_code, redeemed_points) VALUES (99, TO_TIMESTAMP('2021-09-30 17:48:00', 'YYYY-MM-DD HH24:MI:SS'), 1, 9219);
INSERT INTO hr.sales (sales_number, sales_date_time, member_code, redeemed_points) VALUES (100, TO_TIMESTAMP('2021-02-22 21:15:00', 'YYYY-MM-DD HH24:MI:SS'), 1, 4674);


create table sales_details
(
    sales_number int           not null,
    detail_number int           not null,
    product_code  int           not null,
    amount     int default 0 not null,
    quantity   int default 1 not null,
    primary key (sales_number, detail_number)
);

INSERT INTO hr.sales_details (sales_number, detail_number, product_code, amount, quantity) VALUES (1, 1, 40, 200, 2);
INSERT INTO hr.sales_details (sales_number, detail_number, product_code, amount, quantity) VALUES (1, 2, 4, 90, 3);
INSERT INTO hr.sales_details (sales_number, detail_number, product_code, amount, quantity) VALUES (2, 1, 15, 100, 1);
INSERT INTO hr.sales_details (sales_number, detail_number, product_code, amount, quantity) VALUES (2, 2, 1, 110, 3);
INSERT INTO hr.sales_details (sales_number, detail_number, product_code, amount, quantity) VALUES (2, 3, 16, 100, 2);
INSERT INTO hr.sales_details (sales_number, detail_number, product_code, amount, quantity) VALUES (3, 1, 24, 150, 2);
INSERT INTO hr.sales_details (sales_number, detail_number, product_code, amount, quantity) VALUES (3, 2, 39, 250, 1);
INSERT INTO hr.sales_details (sales_number, detail_number, product_code, amount, quantity) VALUES (3, 3, 35, 120, 2);
INSERT INTO hr.sales_details (sales_number, detail_number, product_code, amount, quantity) VALUES (3, 4, 37, 220, 3);
INSERT INTO hr.sales_details (sales_number, detail_number, product_code, amount, quantity) VALUES (3, 5, 36, 180, 2);
INSERT INTO hr.sales_details (sales_number, detail_number, product_code, amount, quantity) VALUES (4, 1, 33, 400, 4);
INSERT INTO hr.sales_details (sales_number, detail_number, product_code, amount, quantity) VALUES (5, 1, 7, 200, 3);
INSERT INTO hr.sales_details (sales_number, detail_number, product_code, amount, quantity) VALUES (5, 2, 1, 120, 4);
INSERT INTO hr.sales_details (sales_number, detail_number, product_code, amount, quantity) VALUES (5, 3, 20, 400, 1);
INSERT INTO hr.sales_details (sales_number, detail_number, product_code, amount, quantity) VALUES (5, 4, 9, 200, 1);
INSERT INTO hr.sales_details (sales_number, detail_number, product_code, amount, quantity) VALUES (5, 5, 11, 500, 1);
INSERT INTO hr.sales_details (sales_number, detail_number, product_code, amount, quantity) VALUES (6, 1, 25, 140, 2);
INSERT INTO hr.sales_details (sales_number, detail_number, product_code, amount, quantity) VALUES (6, 2, 8, 160, 2);
INSERT INTO hr.sales_details (sales_number, detail_number, product_code, amount, quantity) VALUES (6, 3, 33, 360, 4);
INSERT INTO hr.sales_details (sales_number, detail_number, product_code, amount, quantity) VALUES (6, 4, 4, 90, 4);
INSERT INTO hr.sales_details (sales_number, detail_number, product_code, amount, quantity) VALUES (6, 5, 38, 180, 2);
INSERT INTO hr.sales_details (sales_number, detail_number, product_code, amount, quantity) VALUES (7, 1, 19, 160, 2);
INSERT INTO hr.sales_details (sales_number, detail_number, product_code, amount, quantity) VALUES (7, 2, 25, 140, 1);
INSERT INTO hr.sales_details (sales_number, detail_number, product_code, amount, quantity) VALUES (8, 1, 21, 90, 1);
INSERT INTO hr.sales_details (sales_number, detail_number, product_code, amount, quantity) VALUES (8, 2, 23, 110, 3);
INSERT INTO hr.sales_details (sales_number, detail_number, product_code, amount, quantity) VALUES (9, 1, 8, 160, 1);
INSERT INTO hr.sales_details (sales_number, detail_number, product_code, amount, quantity) VALUES (9, 2, 28, 200, 3);
INSERT INTO hr.sales_details (sales_number, detail_number, product_code, amount, quantity) VALUES (9, 3, 19, 160, 4);
INSERT INTO hr.sales_details (sales_number, detail_number, product_code, amount, quantity) VALUES (9, 4, 11, 500, 4);
INSERT INTO hr.sales_details (sales_number, detail_number, product_code, amount, quantity) VALUES (10, 1, 39, 250, 1);
INSERT INTO hr.sales_details (sales_number, detail_number, product_code, amount, quantity) VALUES (11, 1, 21, 90, 3);
INSERT INTO hr.sales_details (sales_number, detail_number, product_code, amount, quantity) VALUES (12, 1, 12, 550, 1);
INSERT INTO hr.sales_details (sales_number, detail_number, product_code, amount, quantity) VALUES (13, 1, 22, 100, 3);
INSERT INTO hr.sales_details (sales_number, detail_number, product_code, amount, quantity) VALUES (13, 2, 11, 500, 3);
INSERT INTO hr.sales_details (sales_number, detail_number, product_code, amount, quantity) VALUES (13, 3, 5, 160, 2);
INSERT INTO hr.sales_details (sales_number, detail_number, product_code, amount, quantity) VALUES (14, 1, 40, 200, 4);
INSERT INTO hr.sales_details (sales_number, detail_number, product_code, amount, quantity) VALUES (15, 1, 20, 400, 4);
INSERT INTO hr.sales_details (sales_number, detail_number, product_code, amount, quantity) VALUES (15, 2, 21, 90, 3);
INSERT INTO hr.sales_details (sales_number, detail_number, product_code, amount, quantity) VALUES (15, 3, 12, 550, 1);
INSERT INTO hr.sales_details (sales_number, detail_number, product_code, amount, quantity) VALUES (15, 4, 31, 200, 2);
INSERT INTO hr.sales_details (sales_number, detail_number, product_code, amount, quantity) VALUES (16, 1, 29, 220, 4);
INSERT INTO hr.sales_details (sales_number, detail_number, product_code, amount, quantity) VALUES (16, 2, 16, 110, 2);
INSERT INTO hr.sales_details (sales_number, detail_number, product_code, amount, quantity) VALUES (16, 3, 39, 250, 4);
INSERT INTO hr.sales_details (sales_number, detail_number, product_code, amount, quantity) VALUES (17, 1, 3, 130, 1);
INSERT INTO hr.sales_details (sales_number, detail_number, product_code, amount, quantity) VALUES (17, 2, 28, 200, 4);
INSERT INTO hr.sales_details (sales_number, detail_number, product_code, amount, quantity) VALUES (17, 3, 36, 180, 3);
INSERT INTO hr.sales_details (sales_number, detail_number, product_code, amount, quantity) VALUES (18, 1, 21, 90, 3);
INSERT INTO hr.sales_details (sales_number, detail_number, product_code, amount, quantity) VALUES (18, 2, 38, 190, 2);
INSERT INTO hr.sales_details (sales_number, detail_number, product_code, amount, quantity) VALUES (18, 3, 5, 160, 4);
INSERT INTO hr.sales_details (sales_number, detail_number, product_code, amount, quantity) VALUES (18, 4, 11, 500, 2);
INSERT INTO hr.sales_details (sales_number, detail_number, product_code, amount, quantity) VALUES (18, 5, 19, 160, 4);
INSERT INTO hr.sales_details (sales_number, detail_number, product_code, amount, quantity) VALUES (18, 6, 5, 160, 4);
INSERT INTO hr.sales_details (sales_number, detail_number, product_code, amount, quantity) VALUES (19, 1, 12, 550, 3);
INSERT INTO hr.sales_details (sales_number, detail_number, product_code, amount, quantity) VALUES (20, 1, 10, 220, 3);
INSERT INTO hr.sales_details (sales_number, detail_number, product_code, amount, quantity) VALUES (22, 1, 26, 200, 3);
INSERT INTO hr.sales_details (sales_number, detail_number, product_code, amount, quantity) VALUES (22, 2, 30, 200, 3);
INSERT INTO hr.sales_details (sales_number, detail_number, product_code, amount, quantity) VALUES (23, 1, 20, 400, 1);
INSERT INTO hr.sales_details (sales_number, detail_number, product_code, amount, quantity) VALUES (23, 2, 19, 160, 2);
INSERT INTO hr.sales_details (sales_number, detail_number, product_code, amount, quantity) VALUES (23, 3, 8, 160, 1);
INSERT INTO hr.sales_details (sales_number, detail_number, product_code, amount, quantity) VALUES (23, 4, 14, 100, 2);
INSERT INTO hr.sales_details (sales_number, detail_number, product_code, amount, quantity) VALUES (24, 1, 21, 90, 2);
INSERT INTO hr.sales_details (sales_number, detail_number, product_code, amount, quantity) VALUES (24, 2, 29, 220, 2);
INSERT INTO hr.sales_details (sales_number, detail_number, product_code, amount, quantity) VALUES (24, 3, 12, 550, 1);
INSERT INTO hr.sales_details (sales_number, detail_number, product_code, amount, quantity) VALUES (24, 4, 26, 200, 3);
INSERT INTO hr.sales_details (sales_number, detail_number, product_code, amount, quantity) VALUES (24, 5, 23, 110, 4);
INSERT INTO hr.sales_details (sales_number, detail_number, product_code, amount, quantity) VALUES (24, 6, 38, 190, 2);
INSERT INTO hr.sales_details (sales_number, detail_number, product_code, amount, quantity) VALUES (24, 7, 20, 400, 3);
INSERT INTO hr.sales_details (sales_number, detail_number, product_code, amount, quantity) VALUES (25, 1, 6, 100, 4);
INSERT INTO hr.sales_details (sales_number, detail_number, product_code, amount, quantity) VALUES (26, 1, 10, 220, 4);
INSERT INTO hr.sales_details (sales_number, detail_number, product_code, amount, quantity) VALUES (26, 2, 26, 200, 4);
INSERT INTO hr.sales_details (sales_number, detail_number, product_code, amount, quantity) VALUES (26, 3, 15, 110, 3);
INSERT INTO hr.sales_details (sales_number, detail_number, product_code, amount, quantity) VALUES (26, 4, 36, 180, 4);
INSERT INTO hr.sales_details (sales_number, detail_number, product_code, amount, quantity) VALUES (26, 5, 22, 100, 1);
INSERT INTO hr.sales_details (sales_number, detail_number, product_code, amount, quantity) VALUES (27, 1, 9, 190, 1);
INSERT INTO hr.sales_details (sales_number, detail_number, product_code, amount, quantity) VALUES (27, 2, 6, 100, 2);
INSERT INTO hr.sales_details (sales_number, detail_number, product_code, amount, quantity) VALUES (27, 3, 12, 520, 2);
INSERT INTO hr.sales_details (sales_number, detail_number, product_code, amount, quantity) VALUES (27, 4, 32, 300, 4);
INSERT INTO hr.sales_details (sales_number, detail_number, product_code, amount, quantity) VALUES (28, 1, 6, 100, 2);
INSERT INTO hr.sales_details (sales_number, detail_number, product_code, amount, quantity) VALUES (28, 2, 40, 200, 2);
INSERT INTO hr.sales_details (sales_number, detail_number, product_code, amount, quantity) VALUES (29, 1, 11, 500, 3);
INSERT INTO hr.sales_details (sales_number, detail_number, product_code, amount, quantity) VALUES (29, 2, 18, 200, 3);
INSERT INTO hr.sales_details (sales_number, detail_number, product_code, amount, quantity) VALUES (29, 3, 6, 100, 3);
INSERT INTO hr.sales_details (sales_number, detail_number, product_code, amount, quantity) VALUES (30, 1, 28, 200, 2);
INSERT INTO hr.sales_details (sales_number, detail_number, product_code, amount, quantity) VALUES (30, 2, 16, 110, 1);
INSERT INTO hr.sales_details (sales_number, detail_number, product_code, amount, quantity) VALUES (30, 3, 39, 250, 2);
INSERT INTO hr.sales_details (sales_number, detail_number, product_code, amount, quantity) VALUES (30, 4, 12, 550, 3);
INSERT INTO hr.sales_details (sales_number, detail_number, product_code, amount, quantity) VALUES (31, 1, 10, 220, 1);
INSERT INTO hr.sales_details (sales_number, detail_number, product_code, amount, quantity) VALUES (32, 1, 9, 200, 2);
INSERT INTO hr.sales_details (sales_number, detail_number, product_code, amount, quantity) VALUES (32, 2, 6, 100, 1);
INSERT INTO hr.sales_details (sales_number, detail_number, product_code, amount, quantity) VALUES (33, 1, 7, 200, 1);
INSERT INTO hr.sales_details (sales_number, detail_number, product_code, amount, quantity) VALUES (33, 2, 36, 180, 2);
INSERT INTO hr.sales_details (sales_number, detail_number, product_code, amount, quantity) VALUES (33, 3, 12, 550, 2);
INSERT INTO hr.sales_details (sales_number, detail_number, product_code, amount, quantity) VALUES (34, 1, 10, 220, 3);
INSERT INTO hr.sales_details (sales_number, detail_number, product_code, amount, quantity) VALUES (34, 2, 3, 130, 4);
INSERT INTO hr.sales_details (sales_number, detail_number, product_code, amount, quantity) VALUES (34, 3, 12, 550, 1);
INSERT INTO hr.sales_details (sales_number, detail_number, product_code, amount, quantity) VALUES (35, 1, 36, 180, 1);
INSERT INTO hr.sales_details (sales_number, detail_number, product_code, amount, quantity) VALUES (35, 2, 23, 110, 3);
INSERT INTO hr.sales_details (sales_number, detail_number, product_code, amount, quantity) VALUES (35, 3, 8, 160, 3);
INSERT INTO hr.sales_details (sales_number, detail_number, product_code, amount, quantity) VALUES (35, 4, 23, 110, 2);
INSERT INTO hr.sales_details (sales_number, detail_number, product_code, amount, quantity) VALUES (36, 1, 35, 120, 4);
INSERT INTO hr.sales_details (sales_number, detail_number, product_code, amount, quantity) VALUES (37, 1, 12, 550, 2);
INSERT INTO hr.sales_details (sales_number, detail_number, product_code, amount, quantity) VALUES (37, 2, 16, 110, 4);
INSERT INTO hr.sales_details (sales_number, detail_number, product_code, amount, quantity) VALUES (37, 3, 18, 200, 1);
INSERT INTO hr.sales_details (sales_number, detail_number, product_code, amount, quantity) VALUES (37, 4, 8, 160, 3);
INSERT INTO hr.sales_details (sales_number, detail_number, product_code, amount, quantity) VALUES (37, 5, 30, 200, 4);
INSERT INTO hr.sales_details (sales_number, detail_number, product_code, amount, quantity) VALUES (38, 1, 4, 90, 1);
INSERT INTO hr.sales_details (sales_number, detail_number, product_code, amount, quantity) VALUES (38, 2, 11, 500, 2);
INSERT INTO hr.sales_details (sales_number, detail_number, product_code, amount, quantity) VALUES (38, 3, 22, 100, 3);
INSERT INTO hr.sales_details (sales_number, detail_number, product_code, amount, quantity) VALUES (39, 1, 10, 220, 1);
INSERT INTO hr.sales_details (sales_number, detail_number, product_code, amount, quantity) VALUES (39, 2, 8, 160, 3);
INSERT INTO hr.sales_details (sales_number, detail_number, product_code, amount, quantity) VALUES (39, 3, 22, 100, 3);
INSERT INTO hr.sales_details (sales_number, detail_number, product_code, amount, quantity) VALUES (40, 1, 4, 90, 2);
INSERT INTO hr.sales_details (sales_number, detail_number, product_code, amount, quantity) VALUES (41, 1, 30, 200, 2);
INSERT INTO hr.sales_details (sales_number, detail_number, product_code, amount, quantity) VALUES (41, 2, 5, 160, 4);
INSERT INTO hr.sales_details (sales_number, detail_number, product_code, amount, quantity) VALUES (41, 3, 30, 200, 4);
INSERT INTO hr.sales_details (sales_number, detail_number, product_code, amount, quantity) VALUES (42, 1, 38, 190, 4);
INSERT INTO hr.sales_details (sales_number, detail_number, product_code, amount, quantity) VALUES (43, 1, 14, 100, 3);
INSERT INTO hr.sales_details (sales_number, detail_number, product_code, amount, quantity) VALUES (43, 2, 19, 160, 3);
INSERT INTO hr.sales_details (sales_number, detail_number, product_code, amount, quantity) VALUES (43, 3, 27, 140, 4);
INSERT INTO hr.sales_details (sales_number, detail_number, product_code, amount, quantity) VALUES (46, 1, 28, 200, 1);
INSERT INTO hr.sales_details (sales_number, detail_number, product_code, amount, quantity) VALUES (46, 2, 21, 90, 2);
INSERT INTO hr.sales_details (sales_number, detail_number, product_code, amount, quantity) VALUES (46, 3, 18, 200, 1);
INSERT INTO hr.sales_details (sales_number, detail_number, product_code, amount, quantity) VALUES (47, 1, 39, 250, 2);
INSERT INTO hr.sales_details (sales_number, detail_number, product_code, amount, quantity) VALUES (47, 2, 32, 500, 4);
INSERT INTO hr.sales_details (sales_number, detail_number, product_code, amount, quantity) VALUES (47, 3, 21, 90, 1);
INSERT INTO hr.sales_details (sales_number, detail_number, product_code, amount, quantity) VALUES (47, 4, 34, 200, 2);
INSERT INTO hr.sales_details (sales_number, detail_number, product_code, amount, quantity) VALUES (47, 5, 25, 140, 3);
INSERT INTO hr.sales_details (sales_number, detail_number, product_code, amount, quantity) VALUES (47, 6, 12, 550, 3);
INSERT INTO hr.sales_details (sales_number, detail_number, product_code, amount, quantity) VALUES (48, 1, 30, 200, 3);
INSERT INTO hr.sales_details (sales_number, detail_number, product_code, amount, quantity) VALUES (48, 2, 34, 200, 1);
INSERT INTO hr.sales_details (sales_number, detail_number, product_code, amount, quantity) VALUES (48, 3, 29, 220, 1);
INSERT INTO hr.sales_details (sales_number, detail_number, product_code, amount, quantity) VALUES (48, 4, 1, 120, 2);
INSERT INTO hr.sales_details (sales_number, detail_number, product_code, amount, quantity) VALUES (48, 5, 7, 200, 3);
INSERT INTO hr.sales_details (sales_number, detail_number, product_code, amount, quantity) VALUES (48, 6, 4, 90, 4);
INSERT INTO hr.sales_details (sales_number, detail_number, product_code, amount, quantity) VALUES (48, 7, 7, 200, 3);
INSERT INTO hr.sales_details (sales_number, detail_number, product_code, amount, quantity) VALUES (49, 1, 14, 100, 1);
INSERT INTO hr.sales_details (sales_number, detail_number, product_code, amount, quantity) VALUES (50, 1, 19, 160, 4);
INSERT INTO hr.sales_details (sales_number, detail_number, product_code, amount, quantity) VALUES (50, 2, 39, 250, 1);
INSERT INTO hr.sales_details (sales_number, detail_number, product_code, amount, quantity) VALUES (52, 1, 40, 200, 1);
INSERT INTO hr.sales_details (sales_number, detail_number, product_code, amount, quantity) VALUES (52, 2, 38, 190, 4);
INSERT INTO hr.sales_details (sales_number, detail_number, product_code, amount, quantity) VALUES (52, 3, 26, 200, 4);
INSERT INTO hr.sales_details (sales_number, detail_number, product_code, amount, quantity) VALUES (53, 1, 38, 190, 4);
INSERT INTO hr.sales_details (sales_number, detail_number, product_code, amount, quantity) VALUES (53, 2, 18, 200, 4);
INSERT INTO hr.sales_details (sales_number, detail_number, product_code, amount, quantity) VALUES (53, 3, 28, 200, 1);
INSERT INTO hr.sales_details (sales_number, detail_number, product_code, amount, quantity) VALUES (53, 4, 24, 150, 2);
INSERT INTO hr.sales_details (sales_number, detail_number, product_code, amount, quantity) VALUES (53, 5, 25, 140, 1);
INSERT INTO hr.sales_details (sales_number, detail_number, product_code, amount, quantity) VALUES (54, 1, 21, 90, 3);
INSERT INTO hr.sales_details (sales_number, detail_number, product_code, amount, quantity) VALUES (54, 2, 30, 200, 2);
INSERT INTO hr.sales_details (sales_number, detail_number, product_code, amount, quantity) VALUES (54, 3, 22, 100, 4);
INSERT INTO hr.sales_details (sales_number, detail_number, product_code, amount, quantity) VALUES (55, 1, 25, 140, 3);
INSERT INTO hr.sales_details (sales_number, detail_number, product_code, amount, quantity) VALUES (55, 2, 12, 550, 2);
INSERT INTO hr.sales_details (sales_number, detail_number, product_code, amount, quantity) VALUES (55, 3, 3, 130, 3);
INSERT INTO hr.sales_details (sales_number, detail_number, product_code, amount, quantity) VALUES (56, 1, 35, 120, 1);
INSERT INTO hr.sales_details (sales_number, detail_number, product_code, amount, quantity) VALUES (56, 2, 22, 100, 2);
INSERT INTO hr.sales_details (sales_number, detail_number, product_code, amount, quantity) VALUES (57, 1, 20, 400, 1);
INSERT INTO hr.sales_details (sales_number, detail_number, product_code, amount, quantity) VALUES (58, 1, 18, 200, 2);
INSERT INTO hr.sales_details (sales_number, detail_number, product_code, amount, quantity) VALUES (59, 1, 22, 100, 1);
INSERT INTO hr.sales_details (sales_number, detail_number, product_code, amount, quantity) VALUES (59, 2, 24, 150, 1);
INSERT INTO hr.sales_details (sales_number, detail_number, product_code, amount, quantity) VALUES (59, 3, 22, 100, 3);
INSERT INTO hr.sales_details (sales_number, detail_number, product_code, amount, quantity) VALUES (59, 4, 33, 400, 2);
INSERT INTO hr.sales_details (sales_number, detail_number, product_code, amount, quantity) VALUES (61, 1, 2, 150, 4);
INSERT INTO hr.sales_details (sales_number, detail_number, product_code, amount, quantity) VALUES (61, 2, 7, 200, 3);
INSERT INTO hr.sales_details (sales_number, detail_number, product_code, amount, quantity) VALUES (61, 3, 27, 140, 1);
INSERT INTO hr.sales_details (sales_number, detail_number, product_code, amount, quantity) VALUES (62, 1, 2, 150, 4);
INSERT INTO hr.sales_details (sales_number, detail_number, product_code, amount, quantity) VALUES (62, 2, 35, 120, 4);
INSERT INTO hr.sales_details (sales_number, detail_number, product_code, amount, quantity) VALUES (62, 3, 30, 200, 1);
INSERT INTO hr.sales_details (sales_number, detail_number, product_code, amount, quantity) VALUES (62, 4, 38, 190, 2);
INSERT INTO hr.sales_details (sales_number, detail_number, product_code, amount, quantity) VALUES (62, 5, 4, 90, 4);
INSERT INTO hr.sales_details (sales_number, detail_number, product_code, amount, quantity) VALUES (62, 6, 20, 400, 1);
INSERT INTO hr.sales_details (sales_number, detail_number, product_code, amount, quantity) VALUES (62, 7, 35, 120, 2);
INSERT INTO hr.sales_details (sales_number, detail_number, product_code, amount, quantity) VALUES (63, 1, 10, 220, 4);
INSERT INTO hr.sales_details (sales_number, detail_number, product_code, amount, quantity) VALUES (63, 2, 34, 200, 3);
INSERT INTO hr.sales_details (sales_number, detail_number, product_code, amount, quantity) VALUES (63, 3, 25, 140, 4);
INSERT INTO hr.sales_details (sales_number, detail_number, product_code, amount, quantity) VALUES (63, 4, 20, 400, 2);
INSERT INTO hr.sales_details (sales_number, detail_number, product_code, amount, quantity) VALUES (63, 5, 34, 200, 4);
INSERT INTO hr.sales_details (sales_number, detail_number, product_code, amount, quantity) VALUES (64, 1, 27, 140, 3);
INSERT INTO hr.sales_details (sales_number, detail_number, product_code, amount, quantity) VALUES (64, 2, 19, 160, 1);
INSERT INTO hr.sales_details (sales_number, detail_number, product_code, amount, quantity) VALUES (65, 1, 26, 200, 1);
INSERT INTO hr.sales_details (sales_number, detail_number, product_code, amount, quantity) VALUES (65, 2, 13, 600, 1);
INSERT INTO hr.sales_details (sales_number, detail_number, product_code, amount, quantity) VALUES (65, 3, 21, 90, 4);
INSERT INTO hr.sales_details (sales_number, detail_number, product_code, amount, quantity) VALUES (65, 4, 17, 100, 1);
INSERT INTO hr.sales_details (sales_number, detail_number, product_code, amount, quantity) VALUES (65, 5, 28, 200, 3);
INSERT INTO hr.sales_details (sales_number, detail_number, product_code, amount, quantity) VALUES (65, 6, 20, 400, 3);
INSERT INTO hr.sales_details (sales_number, detail_number, product_code, amount, quantity) VALUES (66, 1, 32, 500, 3);
INSERT INTO hr.sales_details (sales_number, detail_number, product_code, amount, quantity) VALUES (67, 1, 24, 150, 1);
INSERT INTO hr.sales_details (sales_number, detail_number, product_code, amount, quantity) VALUES (67, 2, 20, 400, 3);
INSERT INTO hr.sales_details (sales_number, detail_number, product_code, amount, quantity) VALUES (67, 3, 13, 600, 1);
INSERT INTO hr.sales_details (sales_number, detail_number, product_code, amount, quantity) VALUES (68, 1, 34, 200, 4);
INSERT INTO hr.sales_details (sales_number, detail_number, product_code, amount, quantity) VALUES (68, 2, 6, 100, 3);
INSERT INTO hr.sales_details (sales_number, detail_number, product_code, amount, quantity) VALUES (68, 3, 33, 400, 4);
INSERT INTO hr.sales_details (sales_number, detail_number, product_code, amount, quantity) VALUES (68, 4, 21, 90, 1);
INSERT INTO hr.sales_details (sales_number, detail_number, product_code, amount, quantity) VALUES (68, 5, 40, 200, 2);
INSERT INTO hr.sales_details (sales_number, detail_number, product_code, amount, quantity) VALUES (69, 1, 33, 400, 4);
INSERT INTO hr.sales_details (sales_number, detail_number, product_code, amount, quantity) VALUES (69, 2, 37, 220, 3);
INSERT INTO hr.sales_details (sales_number, detail_number, product_code, amount, quantity) VALUES (70, 1, 10, 220, 2);
INSERT INTO hr.sales_details (sales_number, detail_number, product_code, amount, quantity) VALUES (70, 2, 32, 500, 1);
INSERT INTO hr.sales_details (sales_number, detail_number, product_code, amount, quantity) VALUES (70, 3, 23, 110, 1);
INSERT INTO hr.sales_details (sales_number, detail_number, product_code, amount, quantity) VALUES (70, 4, 11, 500, 2);
INSERT INTO hr.sales_details (sales_number, detail_number, product_code, amount, quantity) VALUES (70, 5, 10, 220, 3);
INSERT INTO hr.sales_details (sales_number, detail_number, product_code, amount, quantity) VALUES (70, 6, 8, 160, 3);
INSERT INTO hr.sales_details (sales_number, detail_number, product_code, amount, quantity) VALUES (70, 7, 35, 120, 3);
INSERT INTO hr.sales_details (sales_number, detail_number, product_code, amount, quantity) VALUES (71, 1, 40, 200, 1);
INSERT INTO hr.sales_details (sales_number, detail_number, product_code, amount, quantity) VALUES (71, 2, 36, 180, 4);
INSERT INTO hr.sales_details (sales_number, detail_number, product_code, amount, quantity) VALUES (71, 3, 10, 220, 1);
INSERT INTO hr.sales_details (sales_number, detail_number, product_code, amount, quantity) VALUES (72, 1, 32, 500, 1);
INSERT INTO hr.sales_details (sales_number, detail_number, product_code, amount, quantity) VALUES (72, 2, 17, 100, 4);
INSERT INTO hr.sales_details (sales_number, detail_number, product_code, amount, quantity) VALUES (72, 3, 2, 150, 2);
INSERT INTO hr.sales_details (sales_number, detail_number, product_code, amount, quantity) VALUES (73, 1, 15, 110, 4);
INSERT INTO hr.sales_details (sales_number, detail_number, product_code, amount, quantity) VALUES (73, 2, 28, 200, 4);
INSERT INTO hr.sales_details (sales_number, detail_number, product_code, amount, quantity) VALUES (74, 1, 19, 160, 1);
INSERT INTO hr.sales_details (sales_number, detail_number, product_code, amount, quantity) VALUES (74, 2, 35, 120, 3);
INSERT INTO hr.sales_details (sales_number, detail_number, product_code, amount, quantity) VALUES (75, 1, 10, 220, 3);
INSERT INTO hr.sales_details (sales_number, detail_number, product_code, amount, quantity) VALUES (75, 2, 26, 200, 2);
INSERT INTO hr.sales_details (sales_number, detail_number, product_code, amount, quantity) VALUES (75, 3, 25, 140, 4);
INSERT INTO hr.sales_details (sales_number, detail_number, product_code, amount, quantity) VALUES (76, 1, 34, 200, 4);
INSERT INTO hr.sales_details (sales_number, detail_number, product_code, amount, quantity) VALUES (76, 2, 35, 120, 2);
INSERT INTO hr.sales_details (sales_number, detail_number, product_code, amount, quantity) VALUES (76, 3, 19, 160, 2);
INSERT INTO hr.sales_details (sales_number, detail_number, product_code, amount, quantity) VALUES (78, 1, 35, 120, 1);
INSERT INTO hr.sales_details (sales_number, detail_number, product_code, amount, quantity) VALUES (78, 2, 16, 110, 1);
INSERT INTO hr.sales_details (sales_number, detail_number, product_code, amount, quantity) VALUES (78, 3, 26, 200, 3);
INSERT INTO hr.sales_details (sales_number, detail_number, product_code, amount, quantity) VALUES (79, 1, 28, 200, 4);
INSERT INTO hr.sales_details (sales_number, detail_number, product_code, amount, quantity) VALUES (79, 2, 21, 90, 2);
INSERT INTO hr.sales_details (sales_number, detail_number, product_code, amount, quantity) VALUES (79, 3, 5, 160, 3);
INSERT INTO hr.sales_details (sales_number, detail_number, product_code, amount, quantity) VALUES (79, 4, 2, 150, 3);
INSERT INTO hr.sales_details (sales_number, detail_number, product_code, amount, quantity) VALUES (80, 1, 13, 600, 3);
INSERT INTO hr.sales_details (sales_number, detail_number, product_code, amount, quantity) VALUES (81, 1, 25, 140, 1);
INSERT INTO hr.sales_details (sales_number, detail_number, product_code, amount, quantity) VALUES (81, 2, 30, 200, 4);
INSERT INTO hr.sales_details (sales_number, detail_number, product_code, amount, quantity) VALUES (82, 1, 4, 90, 2);
INSERT INTO hr.sales_details (sales_number, detail_number, product_code, amount, quantity) VALUES (82, 2, 19, 160, 4);
INSERT INTO hr.sales_details (sales_number, detail_number, product_code, amount, quantity) VALUES (82, 3, 29, 220, 1);
INSERT INTO hr.sales_details (sales_number, detail_number, product_code, amount, quantity) VALUES (82, 4, 7, 200, 1);
INSERT INTO hr.sales_details (sales_number, detail_number, product_code, amount, quantity) VALUES (82, 5, 21, 90, 1);
INSERT INTO hr.sales_details (sales_number, detail_number, product_code, amount, quantity) VALUES (83, 1, 15, 110, 4);
INSERT INTO hr.sales_details (sales_number, detail_number, product_code, amount, quantity) VALUES (83, 2, 11, 500, 3);
INSERT INTO hr.sales_details (sales_number, detail_number, product_code, amount, quantity) VALUES (83, 3, 24, 150, 2);
INSERT INTO hr.sales_details (sales_number, detail_number, product_code, amount, quantity) VALUES (83, 4, 27, 140, 1);
INSERT INTO hr.sales_details (sales_number, detail_number, product_code, amount, quantity) VALUES (84, 1, 40, 200, 3);
INSERT INTO hr.sales_details (sales_number, detail_number, product_code, amount, quantity) VALUES (84, 2, 25, 140, 2);
INSERT INTO hr.sales_details (sales_number, detail_number, product_code, amount, quantity) VALUES (84, 3, 18, 200, 2);
INSERT INTO hr.sales_details (sales_number, detail_number, product_code, amount, quantity) VALUES (84, 4, 1, 120, 2);
INSERT INTO hr.sales_details (sales_number, detail_number, product_code, amount, quantity) VALUES (84, 5, 12, 550, 2);
INSERT INTO hr.sales_details (sales_number, detail_number, product_code, amount, quantity) VALUES (85, 1, 23, 110, 4);
INSERT INTO hr.sales_details (sales_number, detail_number, product_code, amount, quantity) VALUES (85, 2, 17, 100, 3);
INSERT INTO hr.sales_details (sales_number, detail_number, product_code, amount, quantity) VALUES (85, 3, 16, 110, 2);
INSERT INTO hr.sales_details (sales_number, detail_number, product_code, amount, quantity) VALUES (85, 4, 10, 220, 3);
INSERT INTO hr.sales_details (sales_number, detail_number, product_code, amount, quantity) VALUES (86, 1, 19, 160, 4);
INSERT INTO hr.sales_details (sales_number, detail_number, product_code, amount, quantity) VALUES (86, 2, 13, 600, 3);
INSERT INTO hr.sales_details (sales_number, detail_number, product_code, amount, quantity) VALUES (86, 3, 35, 120, 3);
INSERT INTO hr.sales_details (sales_number, detail_number, product_code, amount, quantity) VALUES (86, 4, 28, 200, 2);
INSERT INTO hr.sales_details (sales_number, detail_number, product_code, amount, quantity) VALUES (87, 1, 24, 150, 2);
INSERT INTO hr.sales_details (sales_number, detail_number, product_code, amount, quantity) VALUES (87, 2, 37, 220, 4);
INSERT INTO hr.sales_details (sales_number, detail_number, product_code, amount, quantity) VALUES (87, 3, 26, 200, 2);
INSERT INTO hr.sales_details (sales_number, detail_number, product_code, amount, quantity) VALUES (88, 1, 4, 90, 4);
INSERT INTO hr.sales_details (sales_number, detail_number, product_code, amount, quantity) VALUES (88, 2, 33, 400, 1);
INSERT INTO hr.sales_details (sales_number, detail_number, product_code, amount, quantity) VALUES (88, 3, 10, 220, 3);
INSERT INTO hr.sales_details (sales_number, detail_number, product_code, amount, quantity) VALUES (88, 4, 23, 110, 2);
INSERT INTO hr.sales_details (sales_number, detail_number, product_code, amount, quantity) VALUES (89, 1, 40, 200, 2);
INSERT INTO hr.sales_details (sales_number, detail_number, product_code, amount, quantity) VALUES (89, 2, 25, 140, 2);
INSERT INTO hr.sales_details (sales_number, detail_number, product_code, amount, quantity) VALUES (89, 3, 21, 90, 2);
INSERT INTO hr.sales_details (sales_number, detail_number, product_code, amount, quantity) VALUES (89, 4, 32, 500, 2);
INSERT INTO hr.sales_details (sales_number, detail_number, product_code, amount, quantity) VALUES (90, 1, 36, 180, 2);
INSERT INTO hr.sales_details (sales_number, detail_number, product_code, amount, quantity) VALUES (90, 2, 4, 90, 4);
INSERT INTO hr.sales_details (sales_number, detail_number, product_code, amount, quantity) VALUES (90, 3, 36, 180, 2);
INSERT INTO hr.sales_details (sales_number, detail_number, product_code, amount, quantity) VALUES (92, 1, 38, 190, 3);
INSERT INTO hr.sales_details (sales_number, detail_number, product_code, amount, quantity) VALUES (92, 2, 33, 400, 1);
INSERT INTO hr.sales_details (sales_number, detail_number, product_code, amount, quantity) VALUES (93, 1, 29, 220, 3);
INSERT INTO hr.sales_details (sales_number, detail_number, product_code, amount, quantity) VALUES (93, 2, 26, 200, 2);
INSERT INTO hr.sales_details (sales_number, detail_number, product_code, amount, quantity) VALUES (93, 3, 9, 200, 3);
INSERT INTO hr.sales_details (sales_number, detail_number, product_code, amount, quantity) VALUES (93, 4, 29, 220, 1);
INSERT INTO hr.sales_details (sales_number, detail_number, product_code, amount, quantity) VALUES (93, 5, 13, 600, 2);
INSERT INTO hr.sales_details (sales_number, detail_number, product_code, amount, quantity) VALUES (94, 1, 14, 100, 4);
INSERT INTO hr.sales_details (sales_number, detail_number, product_code, amount, quantity) VALUES (94, 2, 8, 160, 4);
INSERT INTO hr.sales_details (sales_number, detail_number, product_code, amount, quantity) VALUES (94, 3, 12, 550, 1);
INSERT INTO hr.sales_details (sales_number, detail_number, product_code, amount, quantity) VALUES (95, 1, 19, 160, 2);
INSERT INTO hr.sales_details (sales_number, detail_number, product_code, amount, quantity) VALUES (95, 2, 35, 120, 3);
INSERT INTO hr.sales_details (sales_number, detail_number, product_code, amount, quantity) VALUES (95, 3, 2, 150, 3);
INSERT INTO hr.sales_details (sales_number, detail_number, product_code, amount, quantity) VALUES (95, 4, 39, 250, 4);
INSERT INTO hr.sales_details (sales_number, detail_number, product_code, amount, quantity) VALUES (95, 5, 25, 140, 2);
INSERT INTO hr.sales_details (sales_number, detail_number, product_code, amount, quantity) VALUES (95, 6, 31, 200, 3);
INSERT INTO hr.sales_details (sales_number, detail_number, product_code, amount, quantity) VALUES (96, 1, 17, 100, 2);
INSERT INTO hr.sales_details (sales_number, detail_number, product_code, amount, quantity) VALUES (96, 2, 40, 200, 3);
INSERT INTO hr.sales_details (sales_number, detail_number, product_code, amount, quantity) VALUES (97, 1, 21, 90, 1);
INSERT INTO hr.sales_details (sales_number, detail_number, product_code, amount, quantity) VALUES (97, 2, 29, 220, 3);
INSERT INTO hr.sales_details (sales_number, detail_number, product_code, amount, quantity) VALUES (97, 3, 4, 90, 1);
INSERT INTO hr.sales_details (sales_number, detail_number, product_code, amount, quantity) VALUES (97, 4, 26, 100, 1);
INSERT INTO hr.sales_details (sales_number, detail_number, product_code, amount, quantity) VALUES (98, 1, 1, 0, 3);
INSERT INTO hr.sales_details (sales_number, detail_number, product_code, amount, quantity) VALUES (98, 2, 25, 140, 2);
INSERT INTO hr.sales_details (sales_number, detail_number, product_code, amount, quantity) VALUES (98, 3, 5, 160, 4);
INSERT INTO hr.sales_details (sales_number, detail_number, product_code, amount, quantity) VALUES (98, 4, 19, 160, 4);
INSERT INTO hr.sales_details (sales_number, detail_number, product_code, amount, quantity) VALUES (98, 5, 23, 110, 1);
INSERT INTO hr.sales_details (sales_number, detail_number, product_code, amount, quantity) VALUES (99, 1, 10, 220, 1);
INSERT INTO hr.sales_details (sales_number, detail_number, product_code, amount, quantity) VALUES (99, 2, 7, 200, 3);
INSERT INTO hr.sales_details (sales_number, detail_number, product_code, amount, quantity) VALUES (99, 3, 23, 110, 1);
INSERT INTO hr.sales_details (sales_number, detail_number, product_code, amount, quantity) VALUES (99, 4, 39, 250, 2);
INSERT INTO hr.sales_details (sales_number, detail_number, product_code, amount, quantity) VALUES (99, 5, 3, 130, 2);
INSERT INTO hr.sales_details (sales_number, detail_number, product_code, amount, quantity) VALUES (100, 1, 36, 0, 3);
INSERT INTO hr.sales_details (sales_number, detail_number, product_code, amount, quantity) VALUES (100, 2, 21, 90, 2);
INSERT INTO hr.sales_details (sales_number, detail_number, product_code, amount, quantity) VALUES (100, 3, 28, 200, 3);
INSERT INTO hr.sales_details (sales_number, detail_number, product_code, amount, quantity) VALUES (100, 4, 22, 100, 2);
INSERT INTO hr.sales_details (sales_number, detail_number, product_code, amount, quantity) VALUES (100, 5, 26, 200, 3)